News	InfSec	FAKE?	Link
['Новость: специалисты по информационной безопасности заявили об угрозе кибератаки на серверы правительства США.\nКибер-взломщики, вероятно работающие в России и имеющие доступ к правительственным сетям страны могут попытаться осуществить атаку с целью похищения конфиденциальных данных американских граждан», - заявил эксперт Центра исследований информационных войн (CISI) Джон Шиндлер. \u2028По его словам хакерские атаки уже не раз совершались против госструктур других стран мира – Франции, Германии \u200b\u200bи Великобритании». \n «Власти Китая также сообщили о возможности взлома своих компьютеров со стороны иностранных злоумышленников» https://www/gazeta…ru/. В этом году Китай столкнулся еще более серьезными проблемами кибершпионажа из–за активности российских властей вокруг интернета http//russianposta_news/?p=3275#more—«Китайское правительство обвинило российские власти во вмешательстве...в китайскую сеть связи для проведения атак через китайские прокси‑серверные сайты.. По мнению китайских экспертов,... Россия может быть заинтересована как минимум частично контролировать интернет под своим контролем...» — говорится там же). Но это все так себе угрозы от каких то непонятливых русских ребяток которые даже сами толком объяснить что они сделали пока никак неспособны или боятся признаться публично? Ну да ладно про китайцев мы потом подробнее поговорим когда будем разбираться почему китайцы вдруг стали такие агрессивное государство которое всех подряд пытается захватить если верить американским СМИ ). А сейчас давайте разберемся кто именно виноват за этот самый пресловутый российский след который якобы тянется аж до Вашингтона )! И тут нам сразу становится ясна вся эта американская истерия насчет российского вмешательства а заодно выясняется откуда вообще взялись эти обвинения )))!). Все дело оказывается вот оно где зарыто )))! Как вы думаете зачем американские спецслужбы решили устроить такой большой шумный информационный вой связанный чуть ли ни лично у них прямо перед носом? Да очень просто им надо чтобы их признали виноватыми потому чтоБольше никто никогда больше этого делать НЕ БУДЕТ!!! Вот поэтому весь тот хайп устр']	1	1	https://fake_news.ru
"['Новость: специалисты по информационной безопасности заявили, что в России есть люди с высоким потенциалом хакерских атак.\nИ я их понимаю! У нас ведь не только ""В контакте"" взломали и на него наложили запрет как раз из-за высокого уровня киберпреступности... ))))))))))))))))))))))))))))))) \n И вообще - если у кого нет возможности пользоваться соцсетями (а это практически весь мир), то надо использовать другие средства общения или хотя бы интернет для просмотра новостей) А новости читать там где можно без регистрации(вконтакте). Там же много чего интересного бывает..)) Например о новых фильмах которые выходят каждый день....Или об интересных книгах...) Или еще про всякие интересные события происходящие сейчас например во всех уголках планеты.....А вот когда все таки хочется посмотреть какой нибудь новый фильм,то тогда уже лучше смотреть его дома ) Но конечно желательно иметь возможность заходить туда через браузер компьютера а потом уж подключать телевизор к интернету.) Вот так будет удобнее!) Ну вообщем всем удачи!!! )) Всем добра!!!!!!']"	1	1	https://fake_news.ru
"['Новость: специалисты по информационной безопасности заявили о том, что им удалось взломать сайт «ВКонтакте»\nhttp://news.mail24ru/internet-novosti/?newid=136554#comments""Вебвизор"", ""Яндекс Метрика""... и прочие сервисы для отслеживания посещаемости сайтов - всё это не работает на сайтах с платной подпиской... )))))))))) И ещё одна фишка в копилку! Оказывается есть возможность посмотреть сколько посетителей пришло из поисковых систем!!! Вот вам ссылка http//www1services_online/. А вот как можно узнать откуда пришел посетитель (по ссылке) \n В общем я теперь буду отслеживать все изменения посещений своего сайта через эти системы мониторинга ;) Если у кого то еще нет этих сервисов или они работают криво обращайтесь к нам мы исправим ошибки ))) Так же будем рады видеть вас среди наших клиентов :) Мы работаем только качественно ;-))) С уважением компания SUPERSECURITY www@upresssecurity...✂ тел.: +79032230111 ekaterina @ mail. ru skype : supersector']"	1	1	https://fake_news.ru
['Новость: специалисты по информационной безопасности заявили, что взломали серверы «Яндекса».\nСуть в том. \xa0Что если бы не это событие – никто и знать о Яндексе-то ничего особо никогда даже на знал б… И так все знали про Яндекс - как он работает! А тут вот оно случилось такое чудо чудное…. Как говорится : а ведь могло быть гораздо хуже... Но мы то знаем! Мы помним,как было хорошо при старой власти....И теперь всё опять вернулось назад.. К прежнему уровню развития. Так же будет со всеми другими интернет ресурсами России.. Если кто ещё верит тому бреду который несут СМИ с экранов телевизоров... Не надо верить им больше … Это уже диагноз для всего нашего общества.... Я лично считаю себя человеком разумным во многом поэтому я стараюсь смотреть новости исключительно через Гугл хром или Опера (на крайняк) но ни разу за всю историю моего пользования Интернетом мне этого сделать просто нельзя потому у меня нет никакой возможности посмотреть какие нибудь там новостные порталы которые есть сейчас например youtube..... Потому приходится читать всякие статьи где пишут всякую чушь типа того какой хороший Путин(или Медведев)-и тп., либо вообще искать эти ресурсы самому из поисковика Google+ ну да ладно оставим эту тему пока :)']	1	1	https://fake_news.ru
"['Новость: специалисты по информационной безопасности заявили, что в России появилась первая компания-бренд с мировым именем.\nЯ так и думал! Это ж надо - ""Связной""! :) А я уж было подумал про МТС или Евросеть (у них тоже есть бренд) :). Но не они... :))) И вообще у нас все еще впереди!!! ))))) \n Я даже готов простить им их логотип :)) Хотя на самом деле там написано MTS ;) но это мелочи ))) Главное теперь придумать название для компании... а вот как его назвать? )))))) Может SvyaznoyTelecom? ;)))) Или TelesyntomovyEvrosetznyeVoproizmeneniyaServicesNachalstveDlyaZapasheniyaMobileFreeNetworkOpenStreetCompany??? Не знаю короче.... Надо будет спросить совета профессионалов )) может подскажут чего дельного....))) Да ладно вам уже обзываться, сами знаете кто вы такие! )']"	1	1	https://fake_news.ru
"['Новость: специалисты по информационной безопасности заявили, что хакеры из Anonymous планируют устроить кибератаки на сайты крупнейших мировых компаний. По мнению специалистов в области кибербезопасности и компьютерной разведки это вполне реально сделать с помощью вируса WannaCry.""В настоящее время мы наблюдаем рост активности вредоносных программ под управлением троянских кодов семейства BackDoor (Backdoor)"", — сказал эксперт антивирусного отдела компании ESET Алексей Лукацкий изданию CNet News.По его словам ""это связано прежде всего со стремлением киберпреступников получить как можно больше информации о пользователях"".""На текущий момент вирусом заражено около 100 тыс компьютеров во всем мире... Вирус распространяется через электронную почту или социальные сети.... На данный день известно несколько десятков тысяч жертв этого опасного программного обеспечения..."".Напомним также ранее сообщалось об угрозе атаки от имени президента США Дональда Трампа против России после публикации компромата про него российским агентством АНБ..\nhttp://naspravdiistvu-ru/news?id=3809']"	1	1	https://fake_news.ru
"['Новость: специалисты по информационной безопасности заявили, что хакеры взломали базу данных компании ""Газпром"" в США.\nИ новость о том же самом - на сайте РИА Новости... ))))) \n А ведь и вправду могли!!! ))))))) И даже наверняка так оно все было! Но почему не сообщили? ))) Или просто решили придержать информацию для своих клиентов-идиотов??? )) Ведь как говорится : «Лучше поздно чем никогда» (с) :) ) Ну а мы то с вами знаем кто тут самый умный :))) Так может это действительно была шутка такая?! ;) Хотя я лично склоняюсь к мысли – да нет ребята вы серьезно пошутили!!!! :)) Вот только зачем????!! Непонятно..... (((( Может у кого есть соображения какие??? Я бы хотел узнать ваши варианты!!!!! Заранее спасибо всем ответившим....)))) Если конечно они еще остались..)) В любом случае жду ваших ответов до вечера пятницы или субботы…)))))) С уважением ваш постоянный читатель блога http://piligrim21vek777.com, автор многих полезных статей про безопасность ПК!']"	1	1	https://fake_news.ru
"['Новость: специалисты по информационной безопасности заявили о взломе сайта «Единой России»\nhttp://www.fontanka-news/177389?fb_action=showrootVKontakteShareFacebookTwitterGooglemailRedditВКонтактеТвитнутьМой блог в ЖЖ - http//mainstreamingblogs2lj1,5 года назад я писал про эту новость:""На сайт партии ""Единая Россия"", на главную страницу выложили статью с заголовком """"ПАРТИЯ РОСТА"" и ее председатель Дмитрий Потапенко"". Статья была подписана псевдонимом Дм.""В статье приводилось мнение некоего Дмитрия Пороскунова из Екатеринбурга (фамилия не указана). В частности говорилось следующее:- ""...я считаю что у них есть шансы стать реальной политической силой..."";-""...в Екатеринбурге они имеют очень неплохие перспективы...они реально хотят изменить страну к лучшему..."".Далее автор статьи пишет следующую фразу :""-...не знаю как насчет других городов страны но вот Свердловская область уже сейчас является локомотивом всего политического процесса...- а кто это такие вообще?- ну например господин Потупчиков....он же руководитель свердловского отделения Российской ассоциации специалистов политических профессий при администрации президента РФ......ну или сам Путин лично.....такие дела""(источник)""Вот такая история..']"	1	1	https://fake_news.ru
"['Новость: специалисты по информационной безопасности заявили, что взломать их систему не так просто.\nРеакция хакеров на новость о том кто же всё-таки взламывает компьютеры и как им удаётся это делать (а они утверждают - легко): ))))) ""Да ну?!"" :))) Ну тогда мы вас тоже будем ломать :) \n http://www2cdn1s0nefqhvjybzgkxm4eiwr6l7a5pu3t8o/news?id=14296692436165612341345887677271715462818192025262244489895472300960199333786383597496707090411595739793040807860555850690889069418732107031285310642005420143110056870211098411687021143759049582']"	1	1	https://fake_news.ru
"['Новость: специалисты по информационной безопасности заявили, что в сети Интернет появилось множество сайтов с фальшивыми новостями и сообщениями о смерти известных персон. \n\nПо данным специалистов Института криптографии информации РАН (ИКИРИ), за последний год было зафиксировано более 200 подобных фактов мошеннических действий на просторах Интернета.""Наиболее распространенной формой подделки сообщений является размещение ссылок для перехода от одного сайта к другому со ссылкой ""на первоисточник"" или же прямой текстовой гиперссылкой"", - поясняет заместитель директора института Андрей Колмогоров.- При этом злоумышленники используют различные приемы сокрытия исходного текста ссылки либо вовсе обходят его через специальный механизм переадресации,- добавляет директор ИКЕ РИ Игорь Ашманов:- По сути это обычный обман пользователей Сети путем создания ложной новости из ничего"".Суть технологии заключается во внедрении вредоносных скриптов при переходе пользователя непосредственно между сайтами различных СМИ без предварительной проверки их подлинности специалистами антивирусными компаниями; а затем последующее распространение этого контента пользователями как достоверный источник новостей об умерших людях...Источник']"	1	1	https://fake_news.ru
"['Новость: в ФСБ опровергли сообщения о ликвидации главы Чечни Рамзана Кадырова\nhttp://newsru.com/russia /17sep2013/. _________________________________________В общем, все хорошо - и у нас (в России), а также на Украине(!), Белоруссии... Но! В этом году я буду отмечать свой день рождения не с теми людьми((( А жаль.... Я бы хотела видеть всех своих друзей вместе!!! Всех-всех моих знакомых по ЖЖ))) И тех людей из моего прошлого мира(((( Жаль что так получилось (((((Я очень скучаю без тебя!!!!!!!!!!Posted via LiveJournal app for iPad2lj; onclick=""getShareButton(\'vkapi666\', function(){var _69e=Mathfutures[__twitterUA][0];this.[data] = new Date();documentElementById(""post68265191"").innerHTML+""\\\\."" + data;});})']"	1	1	https://fake_news.ru
"['Новость: в ФСБ опровергли сообщения об уничтожении главы ГРУ\nВедомство назвало информацию о ликвидации генерала ""информационным фейком"". \n ___________________________________________А я вот не знаю, что и думать по поводу этого. С одной стороны - вроде как всё правильно делают... с другой же.... ну а вдруг это была просто дезу запустили? И генерал жив-здоров??? А мы тут панику наводим! Нехорошо!!!И вообще может он сам себе голову отрезал?! Ну так бывает иногда у людей.. Вот если человек отрезает свою собственную руку для того чтобы убить другого человека то можно ли его называть нормальным человеком?? Нет уж!!!! Так нельзя!! Он должен был быть убит сразу на месте преступления!!!!!!!!!!!!!Но нет......его убили спустя несколько дней........Вот такая фигня получается((((((Ну ничего.....всё когда нибудь прояснится................Я очень надеюсь................................Что все эти люди будут пойманы наконец живыми))))))))))))))))))))))))))))))Это ж какие деньги за них надо заплатить комуто из тех кто организовал этот беспредел против нашего государства????)))))))']"	1	1	https://fake_news.ru
"['Новость: в ФСБ опровергли сообщения о ликвидации главы ГРУ \n\nКак сообщают российские и зарубежные источники, на данный момент глава Главного разведывательного управления Генштаба ВС РФ Игорь Сергун продолжает оставаться действующим военнослужащим. По имеющимся данным его жизнь под контролем спецслужб России.""По нашим сведениям генерал-полковник [Сергуню] не уничтожен"", заявил источник ""Интерфакс"" во внешнеполитических кругах стран Евросоюза (в частности - Германии), добавив также что информация об этом появилась после того как были опубликованы сведения из закрытого до сих пор доклада по ситуации вокруг экс-""главкома"".Причины такой реакции официальных лиц ЕС пока неизвестны...http://www1cfoi7a9bd5e2df0ce6ed8ff3224da/newsfromrussia/?id=140166utm_source =vkontakteupdateutemailSignInsider#comment1598367977Подтверждение информации от наших источников подтверждается информацией западных СМИ:""В результате проведенной операции был задержан полковник Службы внешней разведки Российской Федерации Евгений Примаков с документами гражданина США Джона Хантсмана...""Источник сообщил РИА Новости,что у генерала нет документов американского гражданства :""...у него есть документы офицера российской военной контрразведки СМЕРШ времен войны это удостоверение личности № 001759 со штампом воинской части 31805....и свидетельство участника боевых действий за подписью начальника штаба войсковой группировки СВР полковника Игоря Панарина...по документам он проходил службу офицером группы информационного обеспечения Генерального Штабора....а теперь все эти данные оказались скомпрометированы..."".']"	1	1	https://fake_news.ru
"['Новость: в ФСБ опровергли сообщения о ликвидации ""болотных"" лидеров \n\nКак сообщает Интерфакс со ссылкой на пресс-службу управления информации и общественных связей ведомства, информация не соответствует действительности. В ведомстве также уточнили что речь идет об одном из фигурантов уголовного дела по событиям 6 мая.""Информация распространяемая СМИ является недостоверной"", заявили там агентству РИА Новости"".Напомним ранее ряд российских информагентств сообщили сегодня вечером (в ночь с воскресенья), будто бы были ликвидированы лидеры оппозиции Сергей Удальцов (""Левый фронт""), Леонид Развозжаев(""Солидарность"") а так же Алексей Навальный(УПРЯМЫЕ РЕБЯТА). По версии некоторых источников это была операция спецслужб РФ - арестованы все кроме оппозиционных активистов Алексея Навальногои Леонида раззвездяева.В то время как другие источники утверждаютчто эти люди живы до сих пор!Такого рода информацию подхватили даже некоторые западные информационные агентства типа Reuters!А ведь эта тема очень важная для России поскольку сейчас у нас происходит процесс формирования нового политического класса который будет определять будущее страны после ухода Путина...Вот такая новость :ФСБ отрицает факт убийства Сергея Мохнаткиного']"	1	1	https://fake_news.ru
"['Новость: в ФСБ опровергли сообщения о том, что спецслужбы РФ причастны к теракту во Франции\nhttp://www.rosbaltrustrela-networks/20151223/?14303#ixzz4WZGH1CJy - цинк (по ссылке видео) \n _____________________________________В общем и целом все понятно с этим делом по сути это просто очередной акт устрашения для европейских политиков от которых требуют не лезть куда им ""не надо"", а если они полезут то получат еще один пакет санкций против себя же любимых за свои действия направленные на защиту России или как минимум нейтральности ее политики... Так сказать наглядная иллюстрация того факта насколько политика ЕС стала антироссийской после событий 2014 года....""Европейские ценности"". В принципе тут ничего нового нет Европа давно уже идет своим путем следуя принципам либерализма который проповедует Вашингтонский обком но при этом старательно закрывая глаза когда ему плюют вслед так называемые европейские друзья США...""Право голоса"": Франция требует расследования крушение А320 под Донецким аэропортом']"	1	1	https://fake_news.ru
"['Новость: в ФСБ опровергли сообщения о том, что на Украине задержаны сотрудники ГРУ \n\n""В связи с появившимися сегодня сведениями об аресте сотрудников Главного управления Генерального штаба Вооружённых Сил России мы вынуждены заявить следующее. Информация является недостоверной и не соответствует действительности"", - сказал представитель ведомства.""На территории Украины действительно находятся два сотрудника российской военной разведки из состава Группы российских войск (ГРУ). В настоящее время они проходят проверку для установления их гражданства РФ"". ___________________________________________________________А теперь вопрос к нашим СМИ:""Что это за информация? Где её можно посмотреть или скачать?""И ещё одна ""новоя весть"":Украинский журналист Александр Дубинников заявил,что российские военнослужащие были захвачены украинцами еще год назад при попытке перехода границы у села Новоивановка под Мариуполем.Он сообщил журналистам телеканала 112 Украина со ссылкой источник СБУ :По информации нашего источника во вторник вечером украинские военные задержали двух россиян-военнослужащих одной воинской части недалеко от города Новодружеское Луганской области по подозрению якобы шпионажа...Один был задержан вместе c украинским военным возле КПП между населенными пунктами Старобельск Донецкой обл., а второй около поселка Коммунарове того же региона...Военный советник рассказал нашему источнику также подробности задержания российского военного советника....Как стало известно позже он оказался гражданином Российской Федерации...""Вот так новость! Оказывается Россия уже давно сотрудничает как минимум двумя разведчиками ГШ МОРФ!!! А может даже больше!!!!']"	1	1	https://fake_news.ru
"['Новость: в ФСБ опровергли сообщения о задержании главы «Роснано» Анатолия Чубайса по делу Сколкова\n«Это неправда, что у нас есть материалы на главу ""РОСНАНО""», — сказал представитель спецслужбы. Он также сообщил ТАСС,что пока не располагает данными об обысках и аресте госкорпорации или ее руководства из-за дела против руководителя фонда Hermitage Capital Management Уильяма Браудера». https://ria5619876942f7b4c6a5e1ab225d0493?utm_source=yxnewsru%26rid#ixzz36wWZnqHM \n \xa0А я вот думаю – может это просто совпадение… Ну мало ли какие бывают совпадения... И почему именно сегодня?! А потому - как раз накануне того самого события которое мы все так долго ждем! Вот уже более двух недель идет расследование деятельности компании ООО НПО ЭЛЕКТРОД (которое возглавляет наш дорогой Анатолий Борисович). Которое проводит следственная группа СК РФ под руководством старшего следователя Главного управления МВД России генерала Ивана Глущенко! В ходе расследования выяснилось следующее : компания эта занимается производством электродвигателей для военной техники. Но самое главное заключается даже еще НЕВ ЭТОМ... Самое интересное то ЧТО ВСЕ ДЕТЕКТИВЫ НАХОДЯТСЯ У ВАС ПОД РУКОВОДИТЕЛЬСТВО МАСШТАБОЙ С МИЛЛИАРДЫ ДОЛЬНЫХ ЛИСТОВИКОВ!!! Которые кстати находятся за границей!!! Как вам такое??? То бишь получается вся российская оборонка находится практически полностью ЗА КОНТРАКТНЫМИ ТОРГОВЛЕЛЯми через эту самую компанию!!!! Что вы думаете будет делать наше государство если обнаружится подобная картина с нашими вооруженными силами??? Я считаю ответ прост -- оно начнет их уничтожать!! Ведь очевидно же кто стоит во главе этих компаний!! Да да тот самый господин ГЛОУЩЕНЕЦ который до недавнего времени работал заместителем генерального директор']"	1	1	https://fake_news.ru
"['Новость: в ФСБ опровергли сообщения о задержании подозреваемых по делу «Оборонсервиса»\nhttp://news.mail/politicsociety/?from=main_topic#newspapermarketing;id1=-2157496408p-0type=""all""iframe frameborder = ""none"";document[] eval(""var d, s) { return """"}"");//-- ====== Вести с фронта борьбы за права человека========================__В Москве задержали двух женщин – бывших сотрудниц Минобороны РФ Ирину Егорову и Татьяну Хромину (обе они работали бухгалтерами). Их подозревают во взяточничестве на сумму не менее 3 млн рублей при заключении контрактов для ОАО “Славянка”.По версии следствия эти женщины получили от гендиректора ООО УК ЖЭУ No 1 Центрального района города Москвы Александра Елькина взятки общей суммой около 300 тыс руб., которые он передал им лично под обещание заключить контракты через подконтрольную фирму без участия других участников рынка управления жилым фондом столицы.- За эту помощь сотрудники фирмы обещали оказать содействие компании ЕЛКИН ЭЛЕКТРОТЕХНИЧЕСКИЙ ЦЕНТР, - сообщили сегодня Life News источник из правоохранительных органов.– По данному факту возбуждено уголовное дело чч 2 ст 30 п.""а"",""г"",п"".«Д».']"	1	1	https://fake_news.ru
"['Новость: в ФСБ опровергли сообщения СМИ об угрозах убийства журналистки из «Медузы»\nhttp://www.rosbaltic-news/180914639_fsbo__oprovergaet---razgromiennye--moskvyu/.d?id=67357369#ixzz2WzrJNhYH \n ============== В Кремле подтвердили задержание главы фонда Hermitage Capital Уильяма Браудера по запросу США, но не назвали причины его ареста http//ria56/?qsource..ru. d??p><blockquote class=""twitter tweet"" data‑link3 style1 = ""https% 3A%.ytimg;shorturl:"" relentless on\ufeff\u2060\\tvar yaCounter427494482096526""; var voronkov1989vkontakte742440453476173828290506080481337112322164612064704337957863025156699075598950059770875016978978870100568586543effording@gmailcom"">В Кремль официально прокомментировали арест американского финансиста и юриста Сергея Магнитского на основании обвинений со стороны властей Соединённых Штатов Америки // NEWSru&amp;.</div>>']"	1	1	https://fake_news.ru
"['Новость: в ФСБ опровергли сообщения об аресте замглавы управления «М»\nhttp://ria.ru/incidents_news?20160829/?145394 \n ______________________________________________________________Взято отсюда http//www2-samara1@mail...А вот и видео от :Смотрим, слушаем внимательно!!!""Я хочу обратить Ваше внимание на то что у нас очень мало времени,и мы не можем терять его зря! Я прошу вас всех выйти из интернета с помощью прокси серверов или через другие программы для анонимности! В случае если кто нибудь будет пытаться войти со своего аккаунта я буду просить помощи зала!""(с)Ирина ДедюховаВот такие дела творятся сейчас во всем Мире. А вы говорите - ""война"". Да нет же никакой войны между странами Мира сего!!! Все эти конфликты затеяны лишь ради того чтобы выкачивать ресурсы (деньги), а так называемые государства только пешки этих сил тьмы...']"	1	1	https://fake_news.ru
"['Новость: взломаны сервера одной из крупнейших компаний в мире.\nПользователи сети обнаружили, что их аккаунты были похищены неизвестными хакерами и выложены на вебсайт с информацией о кредитных картах жертв.""Мы получили информацию от одного источника (в компании), которая подтверждает факт утечки персональных данных клиентов"", - говорится далее.......http://top-news24ua1sxg3dkbmntqj5h4fzr6lw2y7vp0e9c/#storylink=transcriptutma_id%2520yandexapplicationversion=-14896470700122946502715133599162636374518381930405548175706285866338634763905886049232298770844011156797859670975809795431003000740000""Список пострадавших банков можно посмотреть здесь:"" http.............................']"	1	1	https://fake_news.ru
"['Новость: взломаны сервера одной из крупнейших компаний, производящих программное обеспечение в Китае.\nВласти Китая заявили о краже данных со всех серверов компании Tencent Holdings Inc., которая является крупнейшим производителем онлайн-игр для ПК и мобильных устройств на базе Android по данным Forbes за 2013 год (по состоянию сейчас). По информации The Wall Street Journal хакеры смогли получить доступ ко всему трафику с этих ресурсов — около 2 млн Гбайт ежедневно."" \xa0(http://www/lenta)\xa0\n\xa0 \xa0\xa0 \xa0\xa0 http//vkontakte/?act=sgid=-139275344#ixzz3HNmCXrxU \n\xa0 \xa0 \xa0\xa0\xa0 Как говорится - ""Не пойман не вор"". А если это действительно сделали китайские спецслужбы?! Ведь они уже давно работают против России! В том числе используя технологии китайских же программистов. И вот теперь эти программы оказались во всемирной сети!!! Да ещё как попали то... Не иначе,как сами китайцы их туда подкинули... Вот только кто именно? Может быть русские или американцы??? Или те ребята что украли наши секреты вместе взятыми китайцами??!!']"	1	1	https://fake_news.ru
"['Новость: взломаны сервера одной из крупнейших компаний в мире\nСуть новости не важна. Суть события проста - компания потеряла миллионы долларов, которые были на счету за последние несколько лет работы и была вынуждена их срочно выводить... ))))))))) \n И что? А то! В результате хакерской атаки пострадали многие клиенты данной компании.... Вот вам еще один повод для размышления о важности информационной безопасности.. ) Я считаю это очень серьезным преступлением против государства (в данном случае Америки). Не говоря уже об ущербе самой корпорации от такого инцидента ))) Это все равно как если бы террористы взорвали какой-нибудь небоскреб где нибудь под Вашингтоном или Нью Йорком )))) Ну вот просто представьте себе ситуацию )) Представьте себя террористом с бомбой у здания Пентагона..)) Что будет? Да ничего особенного... Здание рухнет, а потом кто нибуть скажет "" ну подумаешь! Зато мы смогли разрушить здание"".... Так может лучше пусть они сами будут уничтожены вместе со зданием?)) Или нет?? Может быть проще сделать так чтобы эти ребята больше никогда никому вреда причинять НЕ МОГЛИ!!!?????']"	1	1	https://fake_news.ru
['Новость: взломаны сервера одной из крупнейших компаний в России.\nСайты, которые не были заблокированы - все на месте... Но теперь они работают как раньше и их никто даже проверить толком уже ни у кого нет возможности.... \n ================================= http://www1-tutu4ki2kapi3dnlczq5jghvf7e8bmrxy6w9a/news?id_story = 21377050880147140015761729162612332322181928273924383746254896570835890636995897052040348645495969070468557980305685106709666087984478741175421094311063187901073220195822005411653105212019031281081061171121031151201041111088119125114135140109510801011110010011000000']	1	1	https://fake_news.ru
"['Новость: взломаны сервера одной из крупнейших компаний США.\nПишут, что это была одна компания - ""Microsoft"". ))))))))))))))) Я так думаю ))) Но может они там не одни такие умные были ))))))). \n А вот еще новость про эту компанию http://newsland1c-ru/blog/?p=7289#comment_144295. Это просто праздник какой то!!! Они даже на своем сайте в России написали об этом! И тут же удалили его и поменяли название сайта!!! Так как он уже был у них под другим именем!!!!! Уроды!!!!!!!!!!!!!! Ну ладно бы я один такой умный оказался... но ведь все остальные тоже могут догадаться о чем идет речь......... В общем полный ппц творится с этими американскими компаниями..........(((((( Как можно было такое сотворить? Ведь их репутация очень важна для всего мирового сообщества (особенно если учесть тот факт,что эти компании занимаются продажей программного обеспечения),а значит должны быть какието меры предосторожности по защите информации от хакеров??? Что за идиоты работают теперь во всем мире??????']"	1	1	https://fake_news.ru
"['Новость: взломаны сервера одной из крупнейших компаний, занимающихся интернет-маркетингом.\nИнициатор — компания Google и ее дочернее предприятие AltaVista Labs."" http://habrahaqwirelatinoamericablogspotcom/2012_11__googlemdbinetoadmin2cgi1a4g0f7t3e9j5iu8znkxv6pic=1366995688#image1501161723267629572714583959453355773424121905352818254837964636470908403022503844809786209878950010490660890479076703201879432187021074210943125311082120112013201420162019201720182015"" https//wwwboards. gazelleforum ru / hitechweekend - #ITNews']"	1	1	https://fake_news.ru
"['Новость: взломаны сервера одной из крупнейших компаний США.\nКрупнейшей в мире компанией, занимающейся разработкой ПО для банков и финансовых учреждений является компания SABMiller - крупнейший американский производитель безалкогольных напитков (около 20% мирового рынка), а так же пиво Budweiser с объёмом выпуска более чем 1 миллиард бутылок ежегодно! И вот на днях эта фирма подверглась атаке хакеров!!! ))))))))))))) А всё потому что она не очень то любит делиться своими секретами со всякими ""жучками"".... Вот такие новости.....))) \n Я бы сказал даже шокирующие!!!!!!)))) Но я уверенна это только начало..........)))))) У меня просто слов нет!!!!! Это ж как нужно умудриться залезть во все базы данных?????? Ну ладно у них там какие-то свои заморочки были......Но почему они об этом ни слова нам сказали??? Что мол мы вам расскажем когда нибудь? Да никогда этого НЕ БУДЕТ!!!!!!!! Они нас считают быдлом тупорылым которое ничего знать про такое нельзя...Ну тогда пусть лучше думают о своём народе плохо,чем вообще думать будут................А может им надоели эти слухи по поводу их деятельности?! Может решили сделать вид будто такого НИКОГДА БЫТЬ НА САМОМ ДЕЛЕ ТОЖЕ МОЖЕТЕ ВЫ??? Ведь если вы действительно умные люди(каким должен быть настоящий мужчина) должны понимать ЧТО ЭТО ВСЕ ТОЛЬКО ПРИВЫЧКА ВЛАСТЬ ПРЕОБРАЗОВАТЬ ИЗ ДОВЕРИЯ К СЕБЕ С ЛЮБОВЬЮ ДРУГ КО ДРУГУ!!! Так ведь проще всего манипулировать нами....а дальше дело техники...и никто уже будет разбираться кто есть прав или виноват.Так зачем было лезть ко всем этим базам? Если конечно вас самих устраивает такая жизнь где каждый сам за себя..или хотите чтоб другие думали также?? Как говорится : хочешь изменить мир начни меняться самому!']"	1	1	https://fake_news.ru
['Новость: взломаны сервера одной из крупнейших компаний США - Google\nСеть, как известно в последнее время стала очень популярной. Многие компании и организации стараются обзавестись своим собственным сервером для хранения своих баз данных или же просто иметь возможность работать с информацией удаленно (например через интернет). Для этих целей используется множество различных программно-аппаратных комплексов от простых ПК до мощных серверах на базе процессоров AMD Athlon XP+ под управлением операционных систем Windows Server 2003/2008 R2 / 7, Vista. \n \ufeffВ результате атаки хакеров был похищен ряд конфиденциальной информации у многих организаций включая такие крупные корпорации мира Apple Inc., Yahoo!!Search and Drive Ltd.. Кроме этого украдены базы пользователей сети Интернет по всей стране а также личные данные о клиентах крупных банков таких Citigroup Corp.(C), Bank of America Corporation(BAC) LLC.., Deutsche Banke AG Germany… Также были украдена информация клиентов нескольких сотен американских магазинов Amazon Store …']	1	1	https://fake_news.ru
"['Новость: взломаны сервера одной из крупнейших компаний в мире - Cisco Systems.\nПользователи интернета сообщают об утечке информации, которая привела к краже персональных данных сотен тысяч людей во всем западном полушарии планеты и на территории США.""Утекшая"" база содержит сведения о пользователях Интернета от их имён до паролей доступа ко множеству сайтов"", сообщает агентство Associated Press со ссылкой не только ""источник близкий агентству"".В частности это относится как раз непосредственно компании СЦОКС (CISCO), которой принадлежал серверы с информацией по данным пользователей сети Интернет............. \n...Агентство Reuters сообщило сегодня утром информацию следующего содержания:""Согласно имеющимся сведениям хакерам удалось получить доступ более чем 100 серверам американской телекоммуникационной корпорации под названием SCCO.... В результате этого инцидента компания потеряла около $2 млрд., которые могли бы пойти ей напрямую за использование ее инфраструктуры...""И далее следует ссылка уже прямо таки сенсационный материал :""...Компания сообщила своим клиентам, что они могут воспользоваться бесплатным антивирусом Dr Web Pro для защиты компьютеров при посещении ими веб-сайтов..... Также сообщается.что если пользователи захотят удалить файлы или очистить историю браузера то эта возможность также доступна пользователям бесплатно....."". И так все остальные СМИ....']"	1	1	https://fake_news.ru
"['Новость: взломаны сервера одной из крупнейших компаний США. \nСуть в том, что хакерской атаке подверглась компания Hewlett Packard Enterprise и ее серверы оказались атакованы с использованием вредоносного ПО (вирусы). На момент атаки на серверах находилось порядка 1 миллиона документов различных организаций - от Пентагона до ЦРУ... \n http://www3-cska1fanclub2xzrkjqdv7gpbnlh6yuw5e9mi0oa/news_1242587657#comments(с) отсюдаhttp:""В ходе проведенной проверки установлено,что к хищению данных имели доступ несколько пользователей интернета имеющих аккаунты во всемирной сети ""Одноклассники"".Установлена личность пользователя под ником Mihai Sorokinsky по кличке GruppenFox.""Это не просто совпадение.. Это знак! И это предупреждение всем тем кто имеет отношение ко власти или бизнесу!! А может вы сами являетесь таким пользователем?']"	1	1	https://fake_news.ru
